[
  {
    "id": "kuhp_351",
    "kategori": "Pidana",
    "jenis": "KUHP",
    "pasal": "351",
    "judul": "Penganiayaan",
    "isi": "Penganiayaan dihukum dengan pidana penjara paling lama dua tahun delapan bulan atau denda paling banyak empat ribu lima ratus rupiah.",
    "topik": [
      "penganiayaan",
      "kekerasan",
      "pidana"
    ],
    "versi_sederhana": "Jika seseorang memukul atau menyakiti orang lain, itu disebut penganiayaan.",
    "saran": "Lapor polisi dengan bukti luka atau saksi mata."
  },
  {
    "id": "uu_ite_27",
    "kategori": "Siber",
    "jenis": "UU ITE",
    "pasal": "27 ayat (3)",
    "judul": "Pencemaran Nama Baik",
    "isi": "Setiap orang dengan sengaja dan tanpa hak mendistribusikan atau mentransmisikan atau membuat dapat diaksesnya Informasi Elektronik yang memiliki muatan penghinaan dan/atau pencemaran nama baik.",
    "topik": [
      "fitnah",
      "pencemaran nama baik",
      "uu ite",
      "media sosial"
    ],
    "versi_sederhana": "Jika Anda menghina orang lain di media sosial, Anda bisa dijerat pasal ini.",
    "saran": "Jangan memposting hal negatif tentang orang lain di internet tanpa bukti."
  },
  {
    "id": "perdata_1320",
    "kategori": "Perdata",
    "jenis": "KUHPerdata",
    "pasal": "1320",
    "judul": "Syarat Sah Perjanjian",
    "isi": "Untuk sahnya suatu perjanjian diperlukan: 1. Sepakat mereka yang mengikatkan dirinya. 2. Kecakapan untuk membuat suatu perikatan. 3. Suatu hal tertentu. 4. Suatu sebab yang halal.",
    "topik": [
      "perjanjian",
      "kontrak",
      "perdata"
    ],
    "versi_sederhana": "Sebuah perjanjian sah jika kedua belah pihak setuju dan mampu membuatnya.",
    "saran": "Pastikan kontrak Anda sah secara hukum agar dapat dilindungi pengadilan."
  },
  {
    "id": "uu_kerja_81",
    "kategori": "Ketenagakerjaan",
    "jenis": "UU Cipta Kerja",
    "pasal": "81",
    "judul": "Pemutusan Hubungan Kerja",
    "isi": "Pengusaha, pekerja/buruh, dan/atau serikat pekerja/serikat buruh harus mengupayakan agar tidak terjadi pemutusan hubungan kerja.",
    "topik": [
      "phk",
      "pemecatan",
      "tenaga kerja"
    ],
    "versi_sederhana": "Perusahaan dan karyawan harus mencari solusi lain sebelum terjadi PHK.",
    "saran": "Diskusikan dengan HR atau serikat buruh sebelum menerima keputusan PHK."
  }
]